name,price,url,source
GLAMIRA Bangle Aster,"$152,437.00",https://www.glamira.com/glamira-bangle-aster.html,glamira
Women's Bracelet Feny,"$51,828.00",https://www.glamira.com/womens-bracelet-feny.html,glamira
GLAMIRA Bangle Lebowitz,"$45,564.00",https://www.glamira.com/glamira-bangle-lebowitz.html,glamira
Women's Bracelet Sooro,"$35,166.00",https://www.glamira.com/womens-bracelet-sooro.html,glamira
GLAMIRA Bracelet Efnos,"$28,392.00",https://www.glamira.com/glamira-bracelet-efnos.html,glamira
GLAMIRA Bracelet Aimee,"$27,362.00",https://www.glamira.com/glamira-bracelet-aimee.html,glamira
Women's Bracelet Uholde,"$21,055.00",https://www.glamira.com/womens-bracelet-uholde.html,glamira
GLAMIRA Bracelet Duchesse,"$19,700.00",https://www.glamira.com/glamira-bracelet-duchesse.html,glamira
Women's Bangle Kevyt,"$19,524.00",https://www.glamira.com/womens-bangle-kevyt.html,glamira
GLAMIRA Bracelet Melva,"$19,368.00",https://www.glamira.com/glamira-bracelet-melva.html,glamira
Women's Bracelet Mirach,"$17,747.00",https://www.glamira.com/womens-bracelet-mirach.html,glamira
GLAMIRA Bracelet Caciana,"$17,119.00",https://www.glamira.com/glamira-bracelet-caciana.html,glamira
Women's Bracelet Kuyenda,"$16,933.00",https://www.glamira.com/womens-bracelet-kuyenda.html,glamira
Women's Bracelet Alnair,"$16,856.00",https://www.glamira.com/womens-bracelet-alnair.html,glamira
Women's Bracelet Makurdi,"$14,171.00",https://www.glamira.com/womens-bracelet-makurdi.html,glamira
GLAMIRA Bracelet Operamore,"$13,155.00",https://www.glamira.com/glamira-bracelet-operamore.html,glamira
GLAMIRA Bracelet Shemeka,"$12,791.00",https://www.glamira.com/glamira-bracelet-shemeka.html,glamira
Women's Bracelet Boutonne,"$12,772.00",https://www.glamira.com/womens-bracelet-boutonne.html,glamira
GLAMIRA Bracelet Greening,"$12,573.00",https://www.glamira.com/glamira-bracelet-greening.html,glamira
Women's Bracelet Jiwalankata,"$12,142.00",https://www.glamira.com/womens-bracelet-jiwalankata.html,glamira
GLAMIRA Bracelet Nodine,"$11,735.00",https://www.glamira.com/glamira-bracelet-nodine.html,glamira
GLAMIRA Bangle Streamin,"$10,869.00",https://www.glamira.com/glamira-bangle-streamin.html,glamira
GLAMIRA Bracelet Foust,"$10,670.00",https://www.glamira.com/glamira-bracelet-foust.html,glamira
GLAMIRA Bracelet Liz,"$10,607.00",https://www.glamira.com/glamira-bracelet-liz.html,glamira
GLAMIRA Bracelet Brigett,"$10,554.00",https://www.glamira.com/glamira-bracelet-brigett.html,glamira
GLAMIRA Bracelet Temp,"$10,504.00",https://www.glamira.com/glamira-bracelet-temp.html,glamira
SYLVIE Bracelet Lyrical,"$10,423.00",https://www.glamira.com/sylvie-bracelet-lyrical.html,glamira
Women's Bangle Brillando,"$10,295.00",https://www.glamira.com/womens-bangle-brillando.html,glamira
GLAMIRA Bracelet Raymundo,"$10,128.00",https://www.glamira.com/glamira-bracelet-raymundo.html,glamira
GLAMIRA Bangle Casillag,"$10,048.00",https://www.glamira.com/glamira-bangle-casillag.html,glamira
GLAMIRA Bracelet Esmia,"$9,929.00",https://www.glamira.com/glamira-bracelet-esmia.html,glamira
GLAMIRA Bracelet Mamira,"$9,599.00",https://www.glamira.com/glamira-bracelet-mamira.html,glamira
GLAMIRA Bracelet Cite,"$9,524.00",https://www.glamira.com/glamira-bracelet-cite.html,glamira
GLAMIRA Bangle Authority,"$9,456.00",https://www.glamira.com/glamira-bangle-authority.html,glamira
GLAMIRA Bracelet Alors,"$9,442.00",https://www.glamira.com/glamira-bracelet-alors.html,glamira
GLAMIRA Bracelet Bertilde,"$9,352.00",https://www.glamira.com/glamira-bracelet-bertilde.html,glamira
GLAMIRA Bracelet Marquardt,"$9,227.00",https://www.glamira.com/glamira-bracelet-marquardt.html,glamira
Women's Bracelet Beleuchtung,"$9,072.00",https://www.glamira.com/womens-bracelet-beleuchtung.html,glamira
GLAMIRA Bangle Anemone,"$8,929.00",https://www.glamira.com/glamira-bangle-anemone.html,glamira
GLAMIRA Bangle Kinslee,"$8,816.00",https://www.glamira.com/glamira-bangle-kinslee.html,glamira
GLAMIRA Bracelet Marjorie,"$8,711.00",https://www.glamira.com/glamira-bracelet-marjorie.html,glamira
GLAMIRA Bracelet Regin,"$8,689.00",https://www.glamira.com/glamira-bracelet-regin.html,glamira
GLAMIRA Bracelet Tera,"$8,535.00",https://www.glamira.com/glamira-bracelet-tera.html,glamira
GLAMIRA Bracelet Houri,"$8,533.00",https://www.glamira.com/glamira-bracelet-houri.html,glamira
GLAMIRA Bracelet Alica,"$8,530.00",https://www.glamira.com/glamira-bracelet-alica.html,glamira
GLAMIRA Bracelet Calanthia,"$8,281.00",https://www.glamira.com/glamira-bracelet-calanthia.html,glamira
GLAMIRA Bracelet Selvy,"$8,084.00",https://www.glamira.com/glamira-bracelet-selvy.html,glamira
GLAMIRA Bracelet Schipper,"$8,004.00",https://www.glamira.com/glamira-bracelet-schipper.html,glamira
GLAMIRA Bracelet Brandenk,"$7,974.00",https://www.glamira.com/glamira-bracelet-brandenk.html,glamira
GLAMIRA Bracelet Chau,"$7,912.00",https://www.glamira.com/glamira-bracelet-chau.html,glamira
GLAMIRA Bracelet Slowking,"$7,911.00",https://www.glamira.com/glamira-bracelet-slowking.html,glamira
GLAMIRA Bracelet Aiguebelette,"$7,909.00",https://www.glamira.com/glamira-bracelet-aiguebelette.html,glamira
GLAMIRA Bracelet Bistup,"$7,905.00",https://www.glamira.com/glamira-bracelet-bistup.html,glamira
GLAMIRA Bracelet Harpul,"$7,892.00",https://www.glamira.com/glamira-bracelet-harpul.html,glamira
GLAMIRA Bracelet Headatist,"$7,841.00",https://www.glamira.com/glamira-bracelet-headatist.html,glamira
GLAMIRA Bangle Appariscente,"$7,818.00",https://www.glamira.com/glamira-bangle-appariscente.html,glamira
GLAMIRA Bracelet Preoriandy,"$7,814.00",https://www.glamira.com/glamira-bracelet-preoriandy.html,glamira
GLAMIRA Bracelet Marleenuh,"$7,788.00",https://www.glamira.com/glamira-bracelet-marleenuh.html,glamira
GLAMIRA Bracelet Steedulatic,"$7,578.00",https://www.glamira.com/glamira-bracelet-steedulatic.html,glamira
GLAMIRA Bangle Bettyann,"$7,578.00",https://www.glamira.com/glamira-bangle-bettyann.html,glamira
GLAMIRA Bracelet Hastei,"$7,553.00",https://www.glamira.com/glamira-bracelet-hastei.html,glamira
GLAMIRA Bracelet Aileen,"$7,431.00",https://www.glamira.com/glamira-bracelet-aileen.html,glamira
GLAMIRA Bracelet Strizzes,"$7,362.00",https://www.glamira.com/glamira-bracelet-strizzes.html,glamira
GLAMIRA Bracelet Cloister,"$7,253.00",https://www.glamira.com/glamira-bracelet-cloister.html,glamira
GLAMIRA Bracelet Besessenheit,"$7,250.00",https://www.glamira.com/glamira-bracelet-besessenheit.html,glamira
GLAMIRA Bangle Flyinhigh,"$7,246.00",https://www.glamira.com/glamira-bangle-flyinhigh.html,glamira
GLAMIRA Bracelet Aderne,"$7,181.00",https://www.glamira.com/glamira-bracelet-aderne.html,glamira
GLAMIRA Bracelet Brandie,"$7,170.00",https://www.glamira.com/glamira-bracelet-brandie.html,glamira
GLAMIRA Bangle Awaride,"$7,019.00",https://www.glamira.com/glamira-bangle-awaride.html,glamira
GLAMIRA Bracelet Jonathan,"$6,949.00",https://www.glamira.com/glamira-bracelet-jonathan.html,glamira
GLAMIRA Bracelet Viltarin,"$6,862.00",https://www.glamira.com/glamira-bracelet-viltarin.html,glamira
GLAMIRA Bangle Isorropia,"$6,843.00",https://www.glamira.com/glamira-bangle-isorropia.html,glamira
GLAMIRA Bangle Rotante,"$6,801.00",https://www.glamira.com/glamira-bangle-rotante.html,glamira
GLAMIRA Bangle Survili,"$6,716.00",https://www.glamira.com/glamira-bangle-survili.html,glamira
GLAMIRA Bracelet Hbers,"$6,712.00",https://www.glamira.com/glamira-bracelet-hbers.html,glamira
GLAMIRA Bracelet Junoon,"$6,708.00",https://www.glamira.com/glamira-bracelet-junoon.html,glamira
GLAMIRA Bracelet Oriyg,"$6,673.00",https://www.glamira.com/glamira-bracelet-oriyg.html,glamira
GLAMIRA Bracelet Naya,"$6,658.00",https://www.glamira.com/glamira-bracelet-naya.html,glamira
Women's Bangle Elicona,"$6,642.00",https://www.glamira.com/womens-bangle-elicona.html,glamira
GLAMIRA Bracelet Liza,"$6,583.00",https://www.glamira.com/glamira-bracelet-liza.html,glamira
GLAMIRA Bracelet Hattitude,"$6,557.00",https://www.glamira.com/glamira-bracelet-hattitude.html,glamira
SYLVIE Bracelet Nolosha,"$6,422.00",https://www.glamira.com/sylvie-bracelet-nolosha.html,glamira
SYLVIE Bracelet Viridis,"$6,406.00",https://www.glamira.com/sylvie-bracelet-viridis.html,glamira
GLAMIRA Bracelet Inserne,"$6,400.00",https://www.glamira.com/glamira-bracelet-inserne.html,glamira
GLAMIRA Bangle Procyon,"$6,310.00",https://www.glamira.com/glamira-bangle-procyon.html,glamira
GLAMIRA Bracelet Somnly,"$6,310.00",https://www.glamira.com/glamira-bracelet-somnly.html,glamira
GLAMIRA Bracelet Wanita,"$6,306.00",https://www.glamira.com/glamira-bracelet-wanita.html,glamira
SYLVIE Bangle Baliotsua,"$6,283.00",https://www.glamira.com/sylvie-bangle-baliotsua.html,glamira
GLAMIRA Bangle Liatris,"$6,258.00",https://www.glamira.com/glamira-bangle-liatris.html,glamira
GLAMIRA Bangle Pagsinta,"$6,226.00",https://www.glamira.com/glamira-bangle-pagsinta.html,glamira
GLAMIRA Bracelet Camreen,"$6,205.00",https://www.glamira.com/glamira-bracelet-camreen.html,glamira
Women's Bangle Submission,"$6,190.00",https://www.glamira.com/womens-bangle-submission.html,glamira
GLAMIRA Bracelet Clawine Women,"$6,176.00",https://www.glamira.com/glamira-bracelet-clawine-women.html,glamira
GLAMIRA Bracelet Carisah,"$6,105.00",https://www.glamira.com/glamira-bracelet-carisah.html,glamira
GLAMIRA Bracelet Jammie,"$6,099.00",https://www.glamira.com/glamira-bracelet-jammie.html,glamira
Women's Bracelet Nashira,"$6,059.00",https://www.glamira.com/womens-bracelet-nashira.html,glamira
GLAMIRA Bangle Aurigae,"$6,049.00",https://www.glamira.com/glamira-bangle-aurigae.html,glamira
GLAMIRA Bangle Suhail,"$6,009.00",https://www.glamira.com/glamira-bangle-suhail.html,glamira
GLAMIRA Bracelet Ari,"$6,000.00",https://www.glamira.com/glamira-bracelet-ari.html,glamira
GLAMIRA Bracelet Reconcy,"$5,978.00",https://www.glamira.com/glamira-bracelet-reconcy.html,glamira
Women's Bracelet Linearno,"$5,970.00",https://www.glamira.com/womens-bracelet-linearno.html,glamira
GLAMIRA Bracelet Avant,"$5,931.00",https://www.glamira.com/glamira-bracelet-avant.html,glamira
Women's Bracelet Zakros,"$5,900.00",https://www.glamira.com/womens-bracelet-zakros.html,glamira
SYLVIE Bangle Matsalar,"$5,898.00",https://www.glamira.com/sylvie-bangle-matsalar.html,glamira
GLAMIRA Bracelet Bartows,"$5,887.00",https://www.glamira.com/glamira-bracelet-bartows.html,glamira
GLAMIRA Bracelet Hysleria,"$5,878.00",https://www.glamira.com/glamira-bracelet-hysleria.html,glamira
GLAMIRA Bracelet Hooroon,"$5,859.00",https://www.glamira.com/glamira-bracelet-hooroon.html,glamira
GLAMIRA Bracelet Wendie,"$5,856.00",https://www.glamira.com/glamira-bracelet-wendie.html,glamira
Women's Bangle Killinure,"$5,850.00",https://www.glamira.com/womens-bangle-killinure.html,glamira
GLAMIRA Bracelet Forcefull,"$5,847.00",https://www.glamira.com/glamira-bracelet-forcefull.html,glamira
GLAMIRA Bangle Flarestar,"$5,831.00",https://www.glamira.com/glamira-bangle-flarestar.html,glamira
Women's Bracelet Mamertino,"$5,825.00",https://www.glamira.com/womens-bracelet-mamertino.html,glamira
GLAMIRA Bracelet Grintellor,"$5,825.00",https://www.glamira.com/glamira-bracelet-grintellor.html,glamira
GLAMIRA Bracelet Annecking,"$5,822.00",https://www.glamira.com/glamira-bracelet-annecking.html,glamira
GLAMIRA Bracelet Bergard,"$5,784.00",https://www.glamira.com/glamira-bracelet-bergard.html,glamira
GLAMIRA Bracelet Appiotto,"$5,784.00",https://www.glamira.com/glamira-bracelet-appiotto.html,glamira
GLAMIRA Bracelet Ditaches,"$5,777.00",https://www.glamira.com/glamira-bracelet-ditaches.html,glamira
GLAMIRA Bracelet Harpuldiff,"$5,771.00",https://www.glamira.com/glamira-bracelet-harpuldiff.html,glamira
GLAMIRA Bangle Crisante,"$5,770.00",https://www.glamira.com/glamira-bangle-crisante.html,glamira
GLAMIRA Bracelet Flexply,"$5,764.00",https://www.glamira.com/glamira-bracelet-flexply.html,glamira
GLAMIRA Bracelet Ardenne,"$5,761.00",https://www.glamira.com/glamira-bracelet-ardenne.html,glamira
SYLVIE Bangle Striebron,"$5,757.00",https://www.glamira.com/sylvie-bangle-striebron.html,glamira
GLAMIRA Bracelet Enandisas,"$5,750.00",https://www.glamira.com/glamira-bracelet-enandisas.html,glamira
GLAMIRA Bracelet Aoste,"$5,744.00",https://www.glamira.com/glamira-bracelet-aoste.html,glamira
GLAMIRA Bracelet Marnede,"$5,743.00",https://www.glamira.com/glamira-bracelet-marnede.html,glamira
GLAMIRA Bangle Shona,"$5,741.00",https://www.glamira.com/glamira-bangle-shona.html,glamira
GLAMIRA Bangle Maar,"$5,737.00",https://www.glamira.com/glamira-bangle-maar.html,glamira
GLAMIRA Bracelet Reinforce,"$5,736.00",https://www.glamira.com/glamira-bracelet-reinforce.html,glamira
GLAMIRA Bracelet Anzeling,"$5,731.00",https://www.glamira.com/glamira-bracelet-anzeling.html,glamira
GLAMIRA Bracelet Huncill,"$5,731.00",https://www.glamira.com/glamira-bracelet-huncill.html,glamira
GLAMIRA Bracelet Mincop,"$5,731.00",https://www.glamira.com/glamira-bracelet-mincop.html,glamira
GLAMIRA Bracelet Arbigny,"$5,722.00",https://www.glamira.com/glamira-bracelet-arbigny.html,glamira
Women's Bracelet Chipoka,"$5,719.00",https://www.glamira.com/womens-bracelet-chipoka.html,glamira
GLAMIRA Bracelet Scie,"$5,714.00",https://www.glamira.com/glamira-bracelet-scie.html,glamira
GLAMIRA Bracelet Icized,"$5,707.00",https://www.glamira.com/glamira-bracelet-icized.html,glamira
GLAMIRA Bracelet Anneyron,"$5,706.00",https://www.glamira.com/glamira-bracelet-anneyron.html,glamira
GLAMIRA Bracelet Hambingin,"$5,705.00",https://www.glamira.com/glamira-bracelet-hambingin.html,glamira
GLAMIRA Bracelet Ansouis,"$5,698.00",https://www.glamira.com/glamira-bracelet-ansouis.html,glamira
GLAMIRA Bracelet Apach,"$5,691.00",https://www.glamira.com/glamira-bracelet-apach.html,glamira
GLAMIRA Bracelet Flookmon,"$5,690.00",https://www.glamira.com/glamira-bracelet-flookmon.html,glamira
GLAMIRA Bracelet Ardevon,"$5,688.00",https://www.glamira.com/glamira-bracelet-ardevon.html,glamira
GLAMIRA Bracelet Anould,"$5,685.00",https://www.glamira.com/glamira-bracelet-anould.html,glamira
GLAMIRA Bracelet Ardeche,"$5,685.00",https://www.glamira.com/glamira-bracelet-ardeche.html,glamira
GLAMIRA Bracelet Vieux,"$5,681.00",https://www.glamira.com/glamira-bracelet-vieux.html,glamira
GLAMIRA Bracelet Reantinas,"$5,676.00",https://www.glamira.com/glamira-bracelet-reantinas.html,glamira
GLAMIRA Bracelet Covery,"$5,673.00",https://www.glamira.com/glamira-bracelet-covery.html,glamira
GLAMIRA Bracelet Steas,"$5,673.00",https://www.glamira.com/glamira-bracelet-steas.html,glamira
GLAMIRA Bracelet Matumbia,"$5,669.00",https://www.glamira.com/glamira-bracelet-matumbia.html,glamira
GLAMIRA Bracelet Anzin,"$5,665.00",https://www.glamira.com/glamira-bracelet-anzin.html,glamira
GLAMIRA Bracelet Slidates,"$5,664.00",https://www.glamira.com/glamira-bracelet-slidates.html,glamira
Women's Bangle Ebrary,"$5,662.00",https://www.glamira.com/womens-bangle-ebrary.html,glamira
GLAMIRA Bracelet Happliest,"$5,659.00",https://www.glamira.com/glamira-bracelet-happliest.html,glamira
GLAMIRA Bracelet Heavaig,"$5,657.00",https://www.glamira.com/glamira-bracelet-heavaig.html,glamira
GLAMIRA Bracelet Fihalent,"$5,652.00",https://www.glamira.com/glamira-bracelet-fihalent.html,glamira
GLAMIRA Bracelet Anzy,"$5,644.00",https://www.glamira.com/glamira-bracelet-anzy.html,glamira
GLAMIRA Bangle Stelli,"$5,640.00",https://www.glamira.com/glamira-bangle-stelli.html,glamira
GLAMIRA Bracelet Dawstering,"$5,638.00",https://www.glamira.com/glamira-bracelet-dawstering.html,glamira
GLAMIRA Bracelet Abover,"$5,634.00",https://www.glamira.com/glamira-bracelet-abover.html,glamira
GLAMIRA Bracelet Elbe,"$5,633.00",https://www.glamira.com/glamira-bracelet-elbe.html,glamira
GLAMIRA Bracelet Moselle,"$5,633.00",https://www.glamira.com/glamira-bracelet-moselle.html,glamira
GLAMIRA Bracelet Adelkalle,"$5,627.00",https://www.glamira.com/glamira-bracelet-adelkalle.html,glamira
GLAMIRA Bracelet Shapted,"$5,621.00",https://www.glamira.com/glamira-bracelet-shapted.html,glamira
GLAMIRA Bracelet Loretta,"$5,619.00",https://www.glamira.com/glamira-bracelet-loretta.html,glamira
Women's Bangle lxeure,"$5,618.00",https://www.glamira.com/womens-bangle-lxeure.html,glamira
GLAMIRA Bracelet Nalpure,"$5,618.00",https://www.glamira.com/glamira-bracelet-nalpure.html,glamira
GLAMIRA Bracelet Connegers,"$5,615.00",https://www.glamira.com/glamira-bracelet-connegers.html,glamira
GLAMIRA Bracelet Capecap,"$5,614.00",https://www.glamira.com/glamira-bracelet-capecap.html,glamira
GLAMIRA Bracelet Mentics,"$5,610.00",https://www.glamira.com/glamira-bracelet-mentics.html,glamira
GLAMIRA Bracelet Capitchip,"$5,605.00",https://www.glamira.com/glamira-bracelet-capitchip.html,glamira
GLAMIRA Bracelet Furned,"$5,602.00",https://www.glamira.com/glamira-bracelet-furned.html,glamira
GLAMIRA Bracelet Pandeley,"$5,600.00",https://www.glamira.com/glamira-bracelet-pandeley.html,glamira
GLAMIRA Bangle Baraha,"$5,597.00",https://www.glamira.com/glamira-bangle-baraha.html,glamira
GLAMIRA Bracelet Meloussey,"$5,597.00",https://www.glamira.com/glamira-bracelet-meloussey.html,glamira
GLAMIRA Bracelet Aplicorteir,"$5,596.00",https://www.glamira.com/glamira-bracelet-aplicorteir.html,glamira
GLAMIRA Bracelet Dagat,"$5,595.00",https://www.glamira.com/glamira-bracelet-dagat.html,glamira
GLAMIRA Bracelet Sunyata,"$5,594.00",https://www.glamira.com/glamira-bracelet-sunyata.html,glamira
GLAMIRA Bracelet Affromty,"$5,591.00",https://www.glamira.com/glamira-bracelet-affromty.html,glamira
GLAMIRA Bangle Botri,"$5,584.00",https://www.glamira.com/glamira-bangle-botri.html,glamira
GLAMIRA Bracelet Werra,"$5,584.00",https://www.glamira.com/glamira-bracelet-werra.html,glamira
GLAMIRA Bracelet Mabeef,"$5,575.00",https://www.glamira.com/glamira-bracelet-mabeef.html,glamira
GLAMIRA Bracelet Gubat,"$5,568.00",https://www.glamira.com/glamira-bracelet-gubat.html,glamira
GLAMIRA Bracelet Disyerto,"$5,567.00",https://www.glamira.com/glamira-bracelet-disyerto.html,glamira
GLAMIRA Bracelet Chetoned,"$5,566.00",https://www.glamira.com/glamira-bracelet-chetoned.html,glamira
GLAMIRA Bracelet Tranizate,"$5,563.00",https://www.glamira.com/glamira-bracelet-tranizate.html,glamira
GLAMIRA Bracelet Suoenodi,"$5,563.00",https://www.glamira.com/glamira-bracelet-suoenodi.html,glamira
GLAMIRA Bracelet Patay,"$5,559.00",https://www.glamira.com/glamira-bracelet-patay.html,glamira
Women's Bangle Toosan,"$5,558.00",https://www.glamira.com/womens-bangle-toosan.html,glamira
GLAMIRA Bracelet Chemphots,"$5,558.00",https://www.glamira.com/glamira-bracelet-chemphots.html,glamira
GLAMIRA Bracelet Tierney,"$5,556.00",https://www.glamira.com/glamira-bracelet-tierney.html,glamira
GLAMIRA Bracelet Pulant,"$5,551.00",https://www.glamira.com/glamira-bracelet-pulant.html,glamira
GLAMIRA Bracelet Frorealm,"$5,551.00",https://www.glamira.com/glamira-bracelet-frorealm.html,glamira
GLAMIRA Bracelet Tejobrut,"$5,548.00",https://www.glamira.com/glamira-bracelet-tejobrut.html,glamira
GLAMIRA Bracelet Stilst,"$5,545.00",https://www.glamira.com/glamira-bracelet-stilst.html,glamira
GLAMIRA Bracelet Vitions,"$5,545.00",https://www.glamira.com/glamira-bracelet-vitions.html,glamira
GLAMIRA Bracelet Eipertor,"$5,543.00",https://www.glamira.com/glamira-bracelet-eipertor.html,glamira
GLAMIRA Bracelet Diveher,"$5,542.00",https://www.glamira.com/glamira-bracelet-diveher.html,glamira
GLAMIRA Bracelet Tidelike,"$5,542.00",https://www.glamira.com/glamira-bracelet-tidelike.html,glamira
GLAMIRA Bracelet Mahirap,"$5,541.00",https://www.glamira.com/glamira-bracelet-mahirap.html,glamira
GLAMIRA Bracelet Metho,"$5,537.00",https://www.glamira.com/glamira-bracelet-metho.html,glamira
GLAMIRA Bracelet Clavu,"$5,525.00",https://www.glamira.com/glamira-bracelet-clavu.html,glamira
GLAMIRA Bridal Set Glowing Beauty-RING B,"$1,398.00",https://www.glamira.com/glamira-bridal-set-glowing-beauty-ring-b.html,glamira
GLAMIRA Bridal Set Dreamy-Ring B,"$1,317.00",https://www.glamira.com/glamira-bridal-set-dreamy-ring-b.html,glamira
GLAMIRA Ring Soderman,"$1,519.00",https://www.glamira.com/glamira-ring-soderman.html,glamira
GLAMIRA Ring Bavegels - D,"$1,710.00",https://www.glamira.com/glamira-ring-bavegels-d.html,glamira
GLAMIRA Ring Verde,"$1,005.00",https://www.glamira.com/glamira-ring-verde.html,glamira
GLAMIRA Ring Cesarina,"$1,893.00",https://www.glamira.com/glamira-ring-cesarina.html,glamira
GLAMIRA Ring Edera,"$1,037.00",https://www.glamira.com/glamira-ring-edera.html,glamira
GLAMIRA Ring Venice,"$1,283.00",https://www.glamira.com/glamira-ring-venice.html,glamira
GLAMIRA Ring Zangoose,"$1,958.00",https://www.glamira.com/glamira-ring-zangoose.html,glamira
GLAMIRA Bridal Set Precious Moments Ring B,"$1,952.00",https://www.glamira.com/glamira-bridal-set-precious-moments-ring-b.html,glamira
GLAMIRA Ring Vind - A,"$1,538.00",https://www.glamira.com/glamira-ring-vind-a.html,glamira
GLAMIRA Ring Does,"$1,629.00",https://www.glamira.com/glamira-ring-does.html,glamira
GLAMIRA Ring Yldrost,"$1,662.00",https://www.glamira.com/glamira-ring-yldrost.html,glamira
GLAMIRA Ring Annette,"$1,000.00",https://www.glamira.com/glamira-ring-annette.html,glamira
GLAMIRA Ring Wishelin,"$2,169.00",https://www.glamira.com/glamira-ring-wishelin.html,glamira
GLAMIRA Ring Promij,"$1,072.00",https://www.glamira.com/glamira-ring-promij.html,glamira
GLAMIRA Ring Maclovia,"$1,010.00",https://www.glamira.com/glamira-ring-maclovia.html,glamira
GLAMIRA Ring Emmy,"$1,763.00",https://www.glamira.com/glamira-ring-emmy.html,glamira
GLAMIRA Ring Akane,"$4,521.00",https://www.glamira.com/glamira-ring-akane.html,glamira
GLAMIRA Ring Available,"$1,501.00",https://www.glamira.com/glamira-ring-available.html,glamira
GLAMIRA Ring Journee,"$1,107.00",https://www.glamira.com/glamira-ring-journee.html,glamira
GLAMIRA Ring Mutia,"$1,472.00",https://www.glamira.com/glamira-ring-mutia.html,glamira
GLAMIRA Ring Galey,"$1,258.00",https://www.glamira.com/glamira-ring-galey.html,glamira
GLAMIRA Ring Benouville,"$1,390.00",https://www.glamira.com/glamira-ring-benouville.html,glamira
GLAMIRA Ring Paswin,"$2,071.00",https://www.glamira.com/glamira-ring-paswin.html,glamira
SYLVIE Ring Kijany,"$2,517.00",https://www.glamira.com/sylvie-ring-kijany.html,glamira
GLAMIRA Ring Movemento,"$1,297.00",https://www.glamira.com/glamira-ring-movemento.html,glamira
GLAMIRA Ring Kathrine,"$1,134.00",https://www.glamira.com/glamira-ring-kathrine.html,glamira
GLAMIRA Ring Amelie,"$1,122.00",https://www.glamira.com/glamira-ring-amelie.html,glamira
GLAMIRA Ring Megan,"$1,042.00",https://www.glamira.com/glamira-ring-megan.html,glamira
GLAMIRA Ring Rebecca,"$1,499.00",https://www.glamira.com/glamira-ring-rebecca.html,glamira
GLAMIRA Ring Jane,"$1,151.00",https://www.glamira.com/glamira-ring-jane.html,glamira
GLAMIRA Ring Jesasia,"$1,168.00",https://www.glamira.com/glamira-ring-jesasia.html,glamira
GLAMIRA Ring Sofi,"$4,568.00",https://www.glamira.com/glamira-ring-sofi.html,glamira
GLAMIRA Ring Giselle Ø8 mm,"$1,085.00",https://www.glamira.com/glamira-ring-giselle-o8-mm.html,glamira
GLAMIRA Bridal Set Lovebirds-Ring B,"$1,023.00",https://www.glamira.com/glamira-bridal-set-lovebirds-ring-b.html,glamira
GLAMIRA Ring Indistinct,"$1,018.00",https://www.glamira.com/glamira-ring-indistinct.html,glamira
GLAMIRA Ring Begonia,"$1,496.00",https://www.glamira.com/glamira-ring-begonia.html,glamira
GLAMIRA Ring Signe,"$1,782.00",https://www.glamira.com/glamira-ring-signe.html,glamira
GLAMIRA Ring Balle,"$1,219.00",https://www.glamira.com/glamira-ring-balle.html,glamira
GLAMIRA Ring Lecta,"$1,413.00",https://www.glamira.com/glamira-ring-lecta.html,glamira
GLAMIRA Ring Bridget,"$1,193.00",https://www.glamira.com/glamira-ring-bridget.html,glamira
GLAMIRA Ring Holz,"$1,070.00",https://www.glamira.com/glamira-ring-holz.html,glamira
GLAMIRA Ring Petitfleur,"$2,440.00",https://www.glamira.com/glamira-ring-petitfleur.html,glamira
GLAMIRA Ring Netros,"$1,430.00",https://www.glamira.com/glamira-ring-netros.html,glamira
GLAMIRA Ring Wonderflower,"$4,350.00",https://www.glamira.com/glamira-ring-wonderflower.html,glamira
GLAMIRA Ring Sueann,"$2,501.00",https://www.glamira.com/glamira-ring-sueann.html,glamira
GLAMIRA Ring Kalonnie,"$1,199.00",https://www.glamira.com/glamira-ring-kalonnie.html,glamira
GLAMIRA Ring Chac,"$3,247.00",https://www.glamira.com/glamira-ring-chac.html,glamira
GLAMIRA Ring Brooke,"$1,192.00",https://www.glamira.com/glamira-ring-brooke.html,glamira
GLAMIRA Ring Ambra,"$1,053.00",https://www.glamira.com/glamira-ring-ambra.html,glamira
GLAMIRA Ring Kendra,"$1,970.00",https://www.glamira.com/glamira-ring-kendra.html,glamira
GLAMIRA Ring Gunhild,"$1,326.00",https://www.glamira.com/glamira-ring-gunhild.html,glamira
GLAMIRA Ring Tressie,"$1,988.00",https://www.glamira.com/glamira-ring-tressie.html,glamira
GLAMIRA Ring Sifnas,"$4,921.00",https://www.glamira.com/glamira-ring-sifnas.html,glamira
GLAMIRA Ring Vanmatre,"$3,834.00",https://www.glamira.com/glamira-ring-vanmatre.html,glamira
GLAMIRA Ring Chirurgie,"$1,126.00",https://www.glamira.com/glamira-ring-chirurgie.html,glamira
GLAMIRA Ring Marileno,"$5,036.00",https://www.glamira.com/glamira-ring-marileno.html,glamira
GLAMIRA Ring Toulouse,"$1,197.00",https://www.glamira.com/glamira-ring-toulouse.html,glamira
GLAMIRA Ring Feuille,"$1,341.00",https://www.glamira.com/glamira-ring-feuille.html,glamira
GLAMIRA Ring Rasalgethi,"$1,310.00",https://www.glamira.com/glamira-ring-rasalgethi.html,glamira
GLAMIRA Ring Pamela,"$1,435.00",https://www.glamira.com/glamira-ring-pamela.html,glamira
GLAMIRA Ring Wena,"$3,828.00",https://www.glamira.com/glamira-ring-wena.html,glamira
GLAMIRA Ring Trevenant,"$1,705.00",https://www.glamira.com/glamira-ring-trevenant.html,glamira
GLAMIRA Ring Chatou,"$1,123.00",https://www.glamira.com/glamira-ring-chatou.html,glamira
GLAMIRA Ring Mabel Ø6 mm,"$1,037.00",https://www.glamira.com/glamira-ring-mabel-o6-mm.html,glamira
GLAMIRA Stackable Ring Jofor - B,"$2,866.00",https://www.glamira.com/glamira-stackable-ring-jofor-b.html,glamira
GLAMIRA Ring Etenth,"$2,393.00",https://www.glamira.com/glamira-ring-etenth.html,glamira
GLAMIRA Ring Sachertorte,"$1,650.00",https://www.glamira.com/glamira-ring-sachertorte.html,glamira
GLAMIRA Ring Nugul,"$1,199.00",https://www.glamira.com/glamira-ring-nugul.html,glamira
GLAMIRA Stackable Ring Fect - A,"$1,929.00",https://www.glamira.com/glamira-stackable-ring-fect-a.html,glamira
GLAMIRA Ring Serami,"$1,350.00",https://www.glamira.com/glamira-ring-serami.html,glamira
GLAMIRA Ring Ubwenzi,"$1,332.00",https://www.glamira.com/glamira-ring-ubwenzi.html,glamira
GLAMIRA Ring Auneau,"$1,455.00",https://www.glamira.com/glamira-ring-auneau.html,glamira
GLAMIRA Ring Amtorg,"$1,248.00",https://www.glamira.com/glamira-ring-amtorg.html,glamira
GLAMIRA Ring Prakas,"$1,276.00",https://www.glamira.com/glamira-ring-prakas.html,glamira
GLAMIRA Ring Adeline,"$5,433.00",https://www.glamira.com/glamira-ring-adeline.html,glamira
GLAMIRA Ring Ficarazzi,"$1,177.00",https://www.glamira.com/glamira-ring-ficarazzi.html,glamira
GLAMIRA Ring Apresentado,"$1,197.00",https://www.glamira.com/glamira-ring-apresentado.html,glamira
GLAMIRA Ring Langas,"$1,021.00",https://www.glamira.com/glamira-ring-langas.html,glamira
GLAMIRA Ring Calivigny,"$1,549.00",https://www.glamira.com/glamira-ring-calivigny.html,glamira
GLAMIRA Ring Mila,"$1,020.00",https://www.glamira.com/glamira-ring-mila.html,glamira
GLAMIRA Ring Gunni,"$2,016.00",https://www.glamira.com/glamira-ring-gunni.html,glamira
GLAMIRA Ring Dylis,"$1,004.00",https://www.glamira.com/glamira-ring-dylis.html,glamira
GLAMIRA Ring Antonia,"$2,579.00",https://www.glamira.com/glamira-ring-antonia.html,glamira
GLAMIRA Ring Zarude,"$1,525.00",https://www.glamira.com/glamira-ring-zarude.html,glamira
GLAMIRA Ring Doveriye,"$1,740.00",https://www.glamira.com/glamira-ring-doveriye.html,glamira
GLAMIRA Ring Laia,"$2,263.00",https://www.glamira.com/glamira-ring-laia.html,glamira
GLAMIRA Ring Vena,"$3,423.00",https://www.glamira.com/glamira-ring-vena.html,glamira
GLAMIRA Ring Orpha,"$1,915.00",https://www.glamira.com/glamira-ring-orpha.html,glamira
GLAMIRA Ring Treecko,"$2,393.00",https://www.glamira.com/glamira-ring-treecko.html,glamira
GLAMIRA Ring Freskoa,"$1,314.00",https://www.glamira.com/glamira-ring-freskoa.html,glamira
GLAMIRA Ring Giftani,"$2,290.00",https://www.glamira.com/glamira-ring-giftani.html,glamira
GLAMIRA Ring Mysterium,"$1,015.00",https://www.glamira.com/glamira-ring-mysterium.html,glamira
GLAMIRA Ring Taveras,"$2,281.00",https://www.glamira.com/glamira-ring-taveras.html,glamira
GLAMIRA Pinky Ring Inneffable,"$1,215.00",https://www.glamira.com/glamira-pinky-ring-inneffable.html,glamira
GLAMIRA Ring Aflanse,"$1,653.00",https://www.glamira.com/glamira-ring-aflanse.html,glamira
GLAMIRA Ring Unelma,"$2,097.00",https://www.glamira.com/glamira-ring-unelma.html,glamira
GLAMIRA Ring Aulelei,"$1,402.00",https://www.glamira.com/glamira-ring-aulelei.html,glamira
GLAMIRA Ring Edbem,"$1,325.00",https://www.glamira.com/glamira-ring-edbem.html,glamira
GLAMIRA Ring Mannas - B,"$1,396.00",https://www.glamira.com/glamira-ring-mannas-b.html,glamira
GLAMIRA Ring Norene,"$3,838.00",https://www.glamira.com/glamira-ring-norene.html,glamira
GLAMIRA Ring Lamiyye,"$1,021.00",https://www.glamira.com/glamira-ring-lamiyye.html,glamira
GLAMIRA Ring Shannan,"$1,090.00",https://www.glamira.com/glamira-ring-shannan.html,glamira
GLAMIRA Ring Scarlett,"$2,361.00",https://www.glamira.com/glamira-ring-scarlett.html,glamira
GLAMIRA Ring Hemun,"$1,490.00",https://www.glamira.com/glamira-ring-hemun.html,glamira
GLAMIRA Bridal Set Gemmiferous Ring B,"$1,328.00",https://www.glamira.com/glamira-bridal-set-gemmiferous-ring-b.html,glamira
GLAMIRA Ring Angell,"$1,415.00",https://www.glamira.com/glamira-ring-angell.html,glamira
GLAMIRA Ring Zoroark,"$2,365.00",https://www.glamira.com/glamira-ring-zoroark.html,glamira
GLAMIRA Ring Maama,"$1,428.00",https://www.glamira.com/glamira-ring-maama.html,glamira
GLAMIRA Ring Kiowa,"$1,848.00",https://www.glamira.com/glamira-ring-kiowa.html,glamira
GLAMIRA Ring Grozdan,"$1,630.00",https://www.glamira.com/glamira-ring-grozdan.html,glamira
GLAMIRA Ring Twang,"$1,258.00",https://www.glamira.com/glamira-ring-twang.html,glamira
GLAMIRA Ring Claypool Set,"$1,103.00",https://www.glamira.com/glamira-ring-claypool-set.html,glamira
GLAMIRA Ring Adama,"$1,804.00",https://www.glamira.com/glamira-ring-adama.html,glamira
GLAMIRA Ring Yedprior,"$1,431.00",https://www.glamira.com/glamira-ring-yedprior.html,glamira
GLAMIRA Ring Igavesti,"$2,215.00",https://www.glamira.com/glamira-ring-igavesti.html,glamira
GLAMIRA Ring Xala,"$1,112.00",https://www.glamira.com/glamira-ring-xala.html,glamira
GLAMIRA Ring Geraldine,"$1,212.00",https://www.glamira.com/glamira-ring-geraldine.html,glamira
GLAMIRA Ring Senna,"$1,999.00",https://www.glamira.com/glamira-ring-senna.html,glamira
GLAMIRA Ring Kambelle,"$1,353.00",https://www.glamira.com/glamira-ring-kambelle.html,glamira
GLAMIRA Ring Sirena,"$1,639.00",https://www.glamira.com/glamira-ring-sirena.html,glamira
GLAMIRA Ring Abris,"$1,259.00",https://www.glamira.com/glamira-ring-abris.html,glamira
GLAMIRA Ring Sumpay,"$1,015.00",https://www.glamira.com/glamira-ring-sumpay.html,glamira
GLAMIRA Ring Asie,"$1,291.00",https://www.glamira.com/glamira-ring-asie.html,glamira
GLAMIRA Ring Nancie,"$1,363.00",https://www.glamira.com/glamira-ring-nancie.html,glamira
GLAMIRA Ring Hrundl,"$1,067.00",https://www.glamira.com/glamira-ring-hrundl.html,glamira
GLAMIRA Ring Arcadius,"$1,841.00",https://www.glamira.com/glamira-ring-arcadius.html,glamira
GLAMIRA Ring Chainessa,"$1,476.00",https://www.glamira.com/glamira-ring-chainessa.html,glamira
GLAMIRA Ring Moana,"$1,273.00",https://www.glamira.com/glamira-ring-moana.html,glamira
GLAMIRA Ring Lornalee Ø6 mm,"$1,219.00",https://www.glamira.com/glamira-ring-lornalee-o6-mm.html,glamira
GLAMIRA Ring Feodraxr,"$1,095.00",https://www.glamira.com/glamira-ring-feodraxr.html,glamira
GLAMIRA Ring Luna,"$1,319.00",https://www.glamira.com/glamira-ring-luna.html,glamira
GLAMIRA Ring Tula,"$1,269.00",https://www.glamira.com/glamira-ring-tula.html,glamira
GLAMIRA Ring Endlessheart,"$1,561.00",https://www.glamira.com/glamira-ring-endlessheart.html,glamira
GLAMIRA Ring Miuysa,"$1,287.00",https://www.glamira.com/glamira-ring-miuysa.html,glamira
GLAMIRA Ring Ailean,"$1,042.00",https://www.glamira.com/glamira-ring-ailean.html,glamira
GLAMIRA Ring Tesarotob,"$1,365.00",https://www.glamira.com/glamira-ring-tesarotob.html,glamira
GLAMIRA Ring Adin,"$10,156.00",https://www.glamira.com/glamira-ring-adin.html,glamira
GLAMIRA Ring Jenesila,"$1,158.00",https://www.glamira.com/glamira-ring-jenesila.html,glamira
GLAMIRA Ring Abagale,"$1,386.00",https://www.glamira.com/glamira-ring-abagale.html,glamira
GLAMIRA Ring Rabanne,"$2,688.00",https://www.glamira.com/glamira-ring-rabanne.html,glamira
GLAMIRA Ring Karoi,"$1,648.00",https://www.glamira.com/glamira-ring-karoi.html,glamira
GLAMIRA Ring Aleece Ø8 mm,"$1,648.00",https://www.glamira.com/glamira-ring-aleece-o8-mm.html,glamira
GLAMIRA Ring Jehon,"$1,969.00",https://www.glamira.com/glamira-ring-jehon.html,glamira
GLAMIRA Bridal Set Marvelous Ring B,"$1,175.00",https://www.glamira.com/glamira-bridal-set-marvelous-ring-b.html,glamira
GLAMIRA Ring Yeras,"$1,122.00",https://www.glamira.com/glamira-ring-yeras.html,glamira
GLAMIRA Ring Aastika,"$1,710.00",https://www.glamira.com/glamira-ring-aastika.html,glamira
GLAMIRA Ring Nsukka,"$3,362.00",https://www.glamira.com/glamira-ring-nsukka.html,glamira
GLAMIRA Ring Bavegels - L,"$2,045.00",https://www.glamira.com/glamira-ring-bavegels-l.html,glamira
GLAMIRA Ring Zegenen,"$1,018.00",https://www.glamira.com/glamira-ring-zegenen.html,glamira
GLAMIRA Ring Suresh,"$1,520.00",https://www.glamira.com/glamira-ring-suresh.html,glamira
GLAMIRA Ring Ignacia,"$1,555.00",https://www.glamira.com/glamira-ring-ignacia.html,glamira
GLAMIRA Ring Gist,"$1,066.00",https://www.glamira.com/glamira-ring-gist.html,glamira
GLAMIRA Ring Carol,"$8,089.00",https://www.glamira.com/glamira-ring-carol.html,glamira
GLAMIRA Ring Serissa,"$1,209.00",https://www.glamira.com/glamira-ring-serissa.html,glamira
GLAMIRA Ring Olivka,"$1,213.00",https://www.glamira.com/glamira-ring-olivka.html,glamira
GLAMIRA Ring Mixte,"$1,272.00",https://www.glamira.com/glamira-ring-mixte.html,glamira
GLAMIRA Ring Cirhys,"$2,003.00",https://www.glamira.com/glamira-ring-cirhys.html,glamira
GLAMIRA Ring Emilly,"$3,439.00",https://www.glamira.com/glamira-ring-emilly.html,glamira
GLAMIRA Ring Bannalaec,"$1,996.00",https://www.glamira.com/glamira-ring-bannalaec.html,glamira
GLAMIRA Ring Bavegels - J,"$3,193.00",https://www.glamira.com/glamira-ring-bavegels-j.html,glamira
Glamira Ring Wallace,"$1,724.00",https://www.glamira.com/glamira-ring-wallace.html,glamira
GLAMIRA Ring Adelp,"$1,770.00",https://www.glamira.com/glamira-ring-adelp.html,glamira
GLAMIRA Stackable Ring Gobs - A,"$1,066.00",https://www.glamira.com/glamira-stackable-ring-gobs-a.html,glamira
GLAMIRA Ring Cytise B,"$1,073.00",https://www.glamira.com/glamira-ring-cytise-b.html,glamira
GLAMIRA Stackable Ring Agungo - B,"$1,405.00",https://www.glamira.com/glamira-stackable-ring-agungo-b.html,glamira
GLAMIRA Ring Despoina,"$1,946.00",https://www.glamira.com/glamira-ring-despoina.html,glamira
GLAMIRA Ring Arsuf,"$1,285.00",https://www.glamira.com/glamira-ring-arsuf.html,glamira
GLAMIRA Ring Nyota,"$2,008.00",https://www.glamira.com/glamira-ring-nyota.html,glamira
GLAMIRA Ring Powodzenie,"$1,442.00",https://www.glamira.com/glamira-ring-powodzenie.html,glamira
GLAMIRA Ring Wundanyi,"$2,158.00",https://www.glamira.com/glamira-ring-wundanyi.html,glamira
GLAMIRA Ring Dugos,"$1,940.00",https://www.glamira.com/glamira-ring-dugos.html,glamira
GLAMIRA Stackable Ring Guluve - SET,"$6,824.00",https://www.glamira.com/glamira-stackable-ring-guluve-set.html,glamira
GLAMIRA Stackable Ring Guluve - A,"$5,400.00",https://www.glamira.com/glamira-stackable-ring-guluve-a.html,glamira
GLAMIRA Ring Figree,"$1,164.00",https://www.glamira.com/glamira-ring-figree.html,glamira
GLAMIRA Ring Hakili,"$1,642.00",https://www.glamira.com/glamira-ring-hakili.html,glamira
GLAMIRA Ring Blande,"$2,060.00",https://www.glamira.com/glamira-ring-blande.html,glamira
GLAMIRA Ring Obealdi,"$1,698.00",https://www.glamira.com/glamira-ring-obealdi.html,glamira
GLAMIRA Ring Terantia,"$1,461.00",https://www.glamira.com/glamira-ring-terantia.html,glamira
GLAMIRA Ring Cadha,"$1,275.00",https://www.glamira.com/glamira-ring-cadha.html,glamira
GLAMIRA Ring Lidhje,"$1,465.00",https://www.glamira.com/glamira-ring-lidhje.html,glamira
GLAMIRA Ring Bangor,"$2,302.00",https://www.glamira.com/glamira-ring-bangor.html,glamira
GLAMIRA Ring Criselda,"$2,189.00",https://www.glamira.com/glamira-ring-criselda.html,glamira
GLAMIRA Ring Xemi,"$1,245.00",https://www.glamira.com/glamira-ring-xemi.html,glamira
GLAMIRA Ring Steffanie,"$2,627.00",https://www.glamira.com/glamira-ring-steffanie.html,glamira
GLAMIRA Ring Catasetum Mother,"$1,105.00",https://www.glamira.com/glamira-ring-catasetum-mother.html,glamira
GLAMIRA Ring Abortif,"$1,373.00",https://www.glamira.com/glamira-ring-abortif.html,glamira
GLAMIRA Ring Dorothac,"$1,036.00",https://www.glamira.com/glamira-ring-dorothac.html,glamira
GLAMIRA Ring Dollface,"$1,039.00",https://www.glamira.com/glamira-ring-dollface.html,glamira
GLAMIRA Ring Osbourn,"$1,371.00",https://www.glamira.com/glamira-ring-osbourn.html,glamira
GLAMIRA Ring Lannie,"$3,441.00",https://www.glamira.com/glamira-ring-lannie.html,glamira
GLAMIRA Ring Danita,"$1,820.00",https://www.glamira.com/glamira-ring-danita.html,glamira
GLAMIRA Ring Melite,"$13,906.00",https://www.glamira.com/glamira-ring-melite.html,glamira
GLAMIRA Ring Arisu,"$3,069.00",https://www.glamira.com/glamira-ring-arisu.html,glamira
GLAMIRA Ring Wusden,"$1,395.00",https://www.glamira.com/glamira-ring-wusden.html,glamira
GLAMIRA Ring Aldatu,"$1,297.00",https://www.glamira.com/glamira-ring-aldatu.html,glamira
GLAMIRA Ring Yolanda,"$1,126.00",https://www.glamira.com/glamira-ring-yolanda.html,glamira
GLAMIRA Ring Sweold - B,"$1,443.00",https://www.glamira.com/glamira-ring-sweold-b.html,glamira
GLAMIRA Ring Dais,"$1,091.00",https://www.glamira.com/glamira-ring-dais.html,glamira
GLAMIRA Necklace Alastriona,"$1,464.00",https://www.glamira.com/glamira-necklace-alastriona.html,glamira
GLAMIRA Pendant Abtei,"$1,663.00",https://www.glamira.com/glamira-pendant-abtei.html,glamira
GLAMIRA Pendant Ming,"$1,213.00",https://www.glamira.com/glamira-pendant-ming.html,glamira
GLAMIRA Necklace Seraphic,"$1,060.00",https://www.glamira.com/glamira-necklace-seraphic.html,glamira
GLAMIRA Pendant Kyuso,"$2,228.00",https://www.glamira.com/glamira-pendant-kyuso.html,glamira
GLAMIRA Pendant Levite,"$1,150.00",https://www.glamira.com/glamira-pendant-levite.html,glamira
GLAMIRA Pendant Bellenes,"$1,160.00",https://www.glamira.com/glamira-pendant-bellenes.html,glamira
GLAMIRA Pendant Arlenys,"$1,195.00",https://www.glamira.com/glamira-pendant-arlenys.html,glamira
GLAMIRA Pendant Anweor,"$1,324.00",https://www.glamira.com/glamira-pendant-anweor.html,glamira
GLAMIRA Pendant Yoshie,"$1,395.00",https://www.glamira.com/glamira-pendant-yoshie.html,glamira
GLAMIRA Pendant Polin,"$2,160.00",https://www.glamira.com/glamira-pendant-polin.html,glamira
GLAMIRA Pendant Millicent,"$1,013.00",https://www.glamira.com/glamira-pendant-millicent.html,glamira
GLAMIRA Pendant Diacid,"$1,858.00",https://www.glamira.com/glamira-pendant-diacid.html,glamira
GLAMIRA Pendant Christen,"$1,334.00",https://www.glamira.com/glamira-pendant-christen.html,glamira
GLAMIRA Tennis Canortex,"$6,865.00",https://www.glamira.com/glamira-tennis-canortex.html,glamira
GLAMIRA Pendant Kritpu,"$1,163.00",https://www.glamira.com/glamira-pendant-kritpu.html,glamira
GLAMIRA Pendant Maria,"$2,068.00",https://www.glamira.com/glamira-pendant-maria.html,glamira
GLAMIRA Pendant Vitionse,"$1,185.00",https://www.glamira.com/glamira-pendant-vitionse.html,glamira
GLAMIRA Pendant Dusknoir,"$1,073.00",https://www.glamira.com/glamira-pendant-dusknoir.html,glamira
GLAMIRA Pendant Pranta,"$5,953.00",https://www.glamira.com/glamira-pendant-pranta.html,glamira
GLAMIRA Pendant Pratima,"$2,239.00",https://www.glamira.com/glamira-pendant-pratima.html,glamira
GLAMIRA Pendant Alyssa,"$1,006.00",https://www.glamira.com/glamira-pendant-alyssa.html,glamira
GLAMIRA Pendant Armelda,"$2,397.00",https://www.glamira.com/glamira-pendant-armelda.html,glamira
GLAMIRA Pendant Inge,"$1,443.00",https://www.glamira.com/glamira-pendant-inge.html,glamira
GLAMIRA Pendant Barth,"$1,724.00",https://www.glamira.com/glamira-pendant-barth.html,glamira
GLAMIRA Pendant Jhaddeus,"$1,003.00",https://www.glamira.com/glamira-pendant-jhaddeus.html,glamira
GLAMIRA Pendant Carburant,"$1,268.00",https://www.glamira.com/glamira-pendant-carburant.html,glamira
GLAMIRA Pendant Bony,"$1,448.00",https://www.glamira.com/glamira-pendant-bony.html,glamira
GLAMIRA Pendant Epps,"$1,009.00",https://www.glamira.com/glamira-pendant-epps.html,glamira
GLAMIRA Pendant Zykadial,"$1,358.00",https://www.glamira.com/glamira-pendant-zykadial.html,glamira
GLAMIRA Pendant Blowlamp,"$1,078.00",https://www.glamira.com/glamira-pendant-blowlamp.html,glamira
GLAMIRA Necklace Harvey,"$2,716.00",https://www.glamira.com/glamira-necklace-harvey.html,glamira
GLAMIRA Pendant Scorpio,"$1,886.00",https://www.glamira.com/glamira-pendant-scorpio.html,glamira
GLAMIRA Pendant Zoila,"$1,079.00",https://www.glamira.com/glamira-pendant-zoila.html,glamira
GLAMIRA Pendant Residential,"$1,399.00",https://www.glamira.com/glamira-pendant-residential.html,glamira
GLAMIRA Pendant Levni,"$1,496.00",https://www.glamira.com/glamira-pendant-levni.html,glamira
GLAMIRA Pendant Papillon,"$1,220.00",https://www.glamira.com/glamira-pendant-papillon.html,glamira
GLAMIRA Necklace Akantha,"$1,115.00",https://www.glamira.com/glamira-necklace-akantha.html,glamira
GLAMIRA Necklace Whakaaro,"$5,019.00",https://www.glamira.com/glamira-necklace-whakaaro.html,glamira
GLAMIRA Pendant Wolf,"$1,044.00",https://www.glamira.com/glamira-pendant-wolf.html,glamira
GLAMIRA Tennis Answi,"$11,011.00",https://www.glamira.com/glamira-tennis-answi.html,glamira
GLAMIRA Pendant Aigueperse,"$7,446.00",https://www.glamira.com/glamira-pendant-aigueperse.html,glamira
GLAMIRA Pendant Gordana,"$1,151.00",https://www.glamira.com/glamira-pendant-gordana.html,glamira
GLAMIRA Pendant Esselina,"$1,398.00",https://www.glamira.com/glamira-pendant-esselina.html,glamira
GLAMIRA Pendant Eadgar,"$1,342.00",https://www.glamira.com/glamira-pendant-eadgar.html,glamira
GLAMIRA Necklace Zahna,"$1,027.00",https://www.glamira.com/glamira-necklace-zahna.html,glamira
GLAMIRA Paperclip Necklace Librona,"$2,327.00",https://www.glamira.com/glamira-paperclip-necklace-librona.html,glamira
GLAMIRA Pendant Dovrebbe,"$3,344.00",https://www.glamira.com/glamira-pendant-dovrebbe.html,glamira
SYLVIE Necklace Merdix,"$30,243.00",https://www.glamira.com/sylvie-necklace-merdix.html,glamira
GLAMIRA Necklace Lucena,"$1,929.00",https://www.glamira.com/glamira-necklace-lucena.html,glamira
GLAMIRA Pendant Brightest,"$1,455.00",https://www.glamira.com/glamira-pendant-brightest.html,glamira
GLAMIRA Pendant Hawor,"$1,192.00",https://www.glamira.com/glamira-pendant-hawor.html,glamira
GLAMIRA Pendant Mecole,"$1,238.00",https://www.glamira.com/glamira-pendant-mecole.html,glamira
GLAMIRA Pendant Charta,"$1,078.00",https://www.glamira.com/glamira-pendant-charta.html,glamira
GLAMIRA Pendant Chloe,"$1,204.00",https://www.glamira.com/glamira-pendant-chloe.html,glamira
GLAMIRA Pendant Edna,"$2,511.00",https://www.glamira.com/glamira-pendant-edna.html,glamira
GLAMIRA Pendant Edgerton,"$1,911.00",https://www.glamira.com/glamira-pendant-edgerton.html,glamira
GLAMIRA Pendant Maarika,"$1,192.00",https://www.glamira.com/glamira-pendant-maarika.html,glamira
GLAMIRA Pendant Inga,"$2,364.00",https://www.glamira.com/glamira-pendant-inga.html,glamira
GLAMIRA Pendant Corvettes,"$1,011.00",https://www.glamira.com/glamira-pendant-corvettes.html,glamira
GLAMIRA Pendant Gracielli,"$1,398.00",https://www.glamira.com/glamira-pendant-gracielli.html,glamira
GLAMIRA Pendant Monissa,"$5,837.00",https://www.glamira.com/glamira-pendant-monissa.html,glamira
GLAMIRA Necklace Ttode,"$1,836.00",https://www.glamira.com/glamira-necklace-ttode.html,glamira
GLAMIRA Pendant Imene,"$8,108.00",https://www.glamira.com/glamira-pendant-imene.html,glamira
GLAMIRA Pendant Jinny,"$1,232.00",https://www.glamira.com/glamira-pendant-jinny.html,glamira
GLAMIRA Pendant Anendi,"$1,007.00",https://www.glamira.com/glamira-pendant-anendi.html,glamira
GLAMIRA Pendant Gretta,"$2,236.00",https://www.glamira.com/glamira-pendant-gretta.html,glamira
GLAMIRA Pendant Doyenne,"$1,059.00",https://www.glamira.com/glamira-pendant-doyenne.html,glamira
GLAMIRA Necklace Inni,"$1,828.00",https://www.glamira.com/glamira-necklace-inni.html,glamira
GLAMIRA Pendant Darin,"$1,399.00",https://www.glamira.com/glamira-pendant-darin.html,glamira
GLAMIRA Pendant Trapider - Virgo,"$1,163.00",https://www.glamira.com/glamira-pendant-trapider-virgo.html,glamira
GLAMIRA Pendant Endle,"$1,056.00",https://www.glamira.com/glamira-pendant-endle.html,glamira
GLAMIRA Necklace Wooper,"$1,124.00",https://www.glamira.com/glamira-necklace-wooper.html,glamira
GLAMIRA Pendant Sorenson,"$2,376.00",https://www.glamira.com/glamira-pendant-sorenson.html,glamira
GLAMIRA Pendant Kakoli,"$1,007.00",https://www.glamira.com/glamira-pendant-kakoli.html,glamira
GLAMIRA Necklace Alor,"$1,435.00",https://www.glamira.com/glamira-necklace-alor.html,glamira
GLAMIRA Pendant Kacie,"$3,868.00",https://www.glamira.com/glamira-pendant-kacie.html,glamira
SYLVIE Necklace Besplaten,"$6,026.00",https://www.glamira.com/sylvie-necklace-besplaten.html,glamira
GLAMIRA Pendant Tipass,"$1,221.00",https://www.glamira.com/glamira-pendant-tipass.html,glamira
Women's Choker Necklace Assume,"$2,491.00",https://www.glamira.com/glamira-paperclip-assume.html,glamira
GLAMIRA Pendant Belakan,"$11,537.00",https://www.glamira.com/glamira-pendant-belakan.html,glamira
GLAMIRA Pendant Yute,"$1,680.00",https://www.glamira.com/glamira-pendant-yute.html,glamira
GLAMIRA Pendant Swatter,"$1,063.00",https://www.glamira.com/glamira-pendant-swatter.html,glamira
GLAMIRA Pendant Bottar,"$1,188.00",https://www.glamira.com/glamira-pendant-bottar.html,glamira
GLAMIRA Pendant Buidhe,"$2,554.00",https://www.glamira.com/glamira-pendant-buidhe.html,glamira
GLAMIRA Pendant Atmanat,"$2,041.00",https://www.glamira.com/glamira-pendant-atmanat.html,glamira
GLAMIRA Pendant Matha,"$1,303.00",https://www.glamira.com/glamira-pendant-matha.html,glamira
GLAMIRA Necklace Rianka,"$1,545.00",https://www.glamira.com/glamira-necklace-rianka.html,glamira
GLAMIRA Pendant Iribil - A,"$1,111.00",https://www.glamira.com/glamira-pendant-iribil-a.html,glamira
GLAMIRA Pendant Manioc,"$2,041.00",https://www.glamira.com/glamira-pendant-manioc.html,glamira
GLAMIRA Pendant Fadeless,"$1,289.00",https://www.glamira.com/glamira-pendant-fadeless.html,glamira
GLAMIRA Necklace Amabile,"$1,619.00",https://www.glamira.com/glamira-necklace-amabile.html,glamira
GLAMIRA Pendant Jacayl,"$1,763.00",https://www.glamira.com/glamira-pendant-jacayl.html,glamira
GLAMIRA Pendant Okinova,"$1,864.00",https://www.glamira.com/glamira-pendant-okinova.html,glamira
GLAMIRA Pendant Clarion,"$1,058.00",https://www.glamira.com/glamira-pendant-clarion.html,glamira
GLAMIRA Pendant Jelani,"$1,432.00",https://www.glamira.com/glamira-pendant-jelani.html,glamira
GLAMIRA Pendant Torima,"$1,591.00",https://www.glamira.com/glamira-pendant-torima.html,glamira
GLAMIRA Pendant Trees,"$1,195.00",https://www.glamira.com/glamira-pendant-trees.html,glamira
GLAMIRA Pendant Crucifix,"$1,857.00",https://www.glamira.com/glamira-pendant-crucifix.html,glamira
GLAMIRA Pendant Armetrice,"$4,486.00",https://www.glamira.com/glamira-pendant-armetrice.html,glamira
GLAMIRA Pendant Laima,"$1,003.00",https://www.glamira.com/glamira-pendant-laima.html,glamira
GLAMIRA Pendant Hnrte,"$1,216.00",https://www.glamira.com/glamira-pendant-hnrte.html,glamira
GLAMIRA Pendant Valeri,"$1,092.00",https://www.glamira.com/glamira-pendant-valeri.html,glamira
GLAMIRA Pendant Hagen,"$2,210.00",https://www.glamira.com/glamira-pendant-hagen.html,glamira
Women's Pendant Risol,"$1,307.00",https://www.glamira.com/womens-pendant-risol.html,glamira
GLAMIRA Pendant Cartisha,"$1,152.00",https://www.glamira.com/glamira-pendant-cartisha.html,glamira
GLAMIRA Pendant Fantasma,"$1,186.00",https://www.glamira.com/glamira-pendant-fantasma.html,glamira
GLAMIRA Pendant Thetsa,"$1,236.00",https://www.glamira.com/glamira-pendant-thetsa.html,glamira
GLAMIRA Pendant Siskin,"$1,004.00",https://www.glamira.com/glamira-pendant-siskin.html,glamira
GLAMIRA Necklace Creola,"$1,041.00",https://www.glamira.com/glamira-necklace-creola.html,glamira
GLAMIRA Necklace Galien,"$2,034.00",https://www.glamira.com/glamira-necklace-galien.html,glamira
GLAMIRA Necklace Mescla,"$1,521.00",https://www.glamira.com/glamira-necklace-mescla.html,glamira
GLAMIRA Necklace Spacedoy,"$2,119.00",https://www.glamira.com/glamira-necklace-spacedoy.html,glamira
GLAMIRA Necklace Apurva,"$1,272.00",https://www.glamira.com/glamira-necklace-apurva.html,glamira
GLAMIRA Pendant Dustu,"$1,518.00",https://www.glamira.com/glamira-pendant-dustu.html,glamira
GLAMIRA Pendant Tessalin,"$2,509.00",https://www.glamira.com/glamira-pendant-tessalin.html,glamira
GLAMIRA Pendant Alano,"$1,127.00",https://www.glamira.com/glamira-pendant-alano.html,glamira
GLAMIRA Necklace Wille,"$1,401.00",https://www.glamira.com/glamira-necklace-wille.html,glamira
GLAMIRA Pendant Waist,"$1,130.00",https://www.glamira.com/glamira-pendant-waist.html,glamira
GLAMIRA Necklace Couperose,"$1,058.00",https://www.glamira.com/glamira-necklace-couperose.html,glamira
GLAMIRA Pendant Mullins,"$1,695.00",https://www.glamira.com/glamira-pendant-mullins.html,glamira
GLAMIRA Pendant Lordanis,"$1,072.00",https://www.glamira.com/glamira-pendant-lordanis.html,glamira
GLAMIRA Pendant Salem,"$1,296.00",https://www.glamira.com/glamira-pendant-salem.html,glamira
GLAMIRA Necklace Loycie,"$1,982.00",https://www.glamira.com/glamira-necklace-loycie.html,glamira
GLAMIRA Pendant Lieven,"$1,307.00",https://www.glamira.com/glamira-pendant-lieven.html,glamira
GLAMIRA Pendant Agde,"$3,982.00",https://www.glamira.com/glamira-pendant-agde.html,glamira
GLAMIRA Pendant Concetta,"$1,082.00",https://www.glamira.com/glamira-pendant-concetta.html,glamira
GLAMIRA Necklace Chingis,"$1,703.00",https://www.glamira.com/glamira-necklace-chingis.html,glamira
GLAMIRA Necklace Pammati,"$1,373.00",https://www.glamira.com/glamira-necklace-pammati.html,glamira
GLAMIRA Pendant Caperton,"$1,570.00",https://www.glamira.com/glamira-pendant-caperton.html,glamira
GLAMIRA Pendant Ranjana,"$1,521.00",https://www.glamira.com/glamira-pendant-ranjana.html,glamira
Women's Necklace Ezothando,"$2,088.00",https://www.glamira.com/womens-necklace-ezothando.html,glamira
GLAMIRA Pendant Staravia,"$3,058.00",https://www.glamira.com/glamira-pendant-staravia.html,glamira
GLAMIRA Pendant Aftope,"$1,384.00",https://www.glamira.com/glamira-pendant-aftope.html,glamira
Women's Pendant Unreliable,"$1,878.00",https://www.glamira.com/womens-pendant-unreliable.html,glamira
Paperclip Necklace Pelusium,"$2,661.00",https://www.glamira.com/paperclip-necklace-pelusium.html,glamira
GLAMIRA Pendant Christie,"$1,064.00",https://www.glamira.com/glamira-pendant-christie.html,glamira
GLAMIRA Pendant Flanelle,"$4,892.00",https://www.glamira.com/glamira-pendant-flanelle.html,glamira
GLAMIRA Pendant Bria,"$3,937.00",https://www.glamira.com/glamira-pendant-bria.html,glamira
GLAMIRA Necklace Jarumi,"$1,103.00",https://www.glamira.com/glamira-necklace-jarumi.html,glamira
Women's Necklace Papier,"$1,609.00",https://www.glamira.com/womens-necklace-papier.html,glamira
GLAMIRA Necklace Mitzie,"$1,321.00",https://www.glamira.com/glamira-necklace-mitzie.html,glamira
Women's Pendant Kalret,"$1,864.00",https://www.glamira.com/womens-pendant-kalret.html,glamira
GLAMIRA Pendant Busitt,"$1,094.00",https://www.glamira.com/glamira-pendant-busitt.html,glamira
GLAMIRA Pendant Phyle,"$1,815.00",https://www.glamira.com/glamira-pendant-phyle.html,glamira
GLAMIRA Necklace Madio,"$1,721.00",https://www.glamira.com/glamira-necklace-madio.html,glamira
GLAMIRA Pendant Brilanta,"$2,113.00",https://www.glamira.com/glamira-pendant-brilanta.html,glamira
GLAMIRA Necklace Aphros,"$1,582.00",https://www.glamira.com/glamira-necklace-aphros.html,glamira
GLAMIRA Necklace Trouville,"$2,071.00",https://www.glamira.com/glamira-necklace-trouville.html,glamira
GLAMIRA Necklace Behwyl,"$1,155.00",https://www.glamira.com/glamira-necklace-behwyl.html,glamira
GLAMIRA Pendant Blandy,"$1,476.00",https://www.glamira.com/glamira-pendant-blandy.html,glamira
GLAMIRA Necklace Avult,"$3,356.00",https://www.glamira.com/glamira-necklace-avult.html,glamira
GLAMIRA Necklace Damgo,"$1,101.00",https://www.glamira.com/glamira-necklace-damgo.html,glamira
GLAMIRA Pendant Revazi,"$1,114.00",https://www.glamira.com/glamira-pendant-revazi.html,glamira
GLAMIRA Necklace Gevoel,"$1,170.00",https://www.glamira.com/glamira-necklace-gevoel.html,glamira
GLAMIRA Paperclip Necklace Suggerire,"$3,042.00",https://www.glamira.com/glamira-paperclip-necklace-suggerire.html,glamira
GLAMIRA Pendant Antaea,"$1,681.00",https://www.glamira.com/glamira-pendant-antaea.html,glamira
GLAMIRA Pendant Hipo,"$1,862.00",https://www.glamira.com/glamira-pendant-hipo.html,glamira
Women's Choker Necklace Ellines,"$1,737.00",https://www.glamira.com/glamira-necklace-ellines.html,glamira
GLAMIRA Necklace Betalyrae,"$3,674.00",https://www.glamira.com/glamira-necklace-betalyrae.html,glamira
GLAMIRA Pendant Earwig,"$1,046.00",https://www.glamira.com/glamira-pendant-earwig.html,glamira
GLAMIRA Pendant Loza,"$1,776.00",https://www.glamira.com/glamira-pendant-loza.html,glamira
GLAMIRA Pendant Ateur,"$3,661.00",https://www.glamira.com/glamira-pendant-ateur.html,glamira
GLAMIRA Pendant Girard,"$2,193.00",https://www.glamira.com/glamira-pendant-girard.html,glamira
GLAMIRA Pendant Ilda,"$1,117.00",https://www.glamira.com/glamira-pendant-ilda.html,glamira
GLAMIRA Necklace Cunda,"$1,096.00",https://www.glamira.com/glamira-necklace-cunda.html,glamira
GLAMIRA Necklace Rhosus,"$1,408.00",https://www.glamira.com/glamira-necklace-rhosus.html,glamira
GLAMIRA Pendant Desassorti,"$1,108.00",https://www.glamira.com/glamira-pendant-desassorti.html,glamira
GLAMIRA Pendant Molan,"$1,458.00",https://www.glamira.com/glamira-pendant-molan.html,glamira
GLAMIRA Necklace Andireno,"$1,015.00",https://www.glamira.com/glamira-necklace-andireno.html,glamira
GLAMIRA Pendant Aiken,"$1,155.00",https://www.glamira.com/glamira-pendant-aiken.html,glamira
GLAMIRA Pendant Amphy,"$1,174.00",https://www.glamira.com/glamira-pendant-amphy.html,glamira
GLAMIRA Pendant Kidlat,"$1,399.00",https://www.glamira.com/glamira-pendant-kidlat.html,glamira
GLAMIRA Necklace Laury,"$1,420.00",https://www.glamira.com/glamira-necklace-laury.html,glamira
GLAMIRA Pendant Shellos,"$2,814.00",https://www.glamira.com/glamira-pendant-shellos.html,glamira
GLAMIRA Pendant Devine,"$1,053.00",https://www.glamira.com/glamira-pendant-devine.html,glamira
GLAMIRA Pendant Amelia,"$1,082.00",https://www.glamira.com/glamira-pendant-amelia.html,glamira
GLAMIRA Pendant Izetta,"$1,058.00",https://www.glamira.com/glamira-pendant-izetta.html,glamira
GLAMIRA Pendant Bacille,"$1,205.00",https://www.glamira.com/glamira-pendant-bacille.html,glamira
GLAMIRA Pendant Azade,"$1,371.00",https://www.glamira.com/glamira-pendant-azade.html,glamira
GLAMIRA Necklace Gorria,"$1,683.00",https://www.glamira.com/glamira-necklace-gorria.html,glamira
GLAMIRA Necklace Khonsu,"$1,086.00",https://www.glamira.com/glamira-necklace-khonsu.html,glamira
GLAMIRA Pendant Johto,"$1,040.00",https://www.glamira.com/glamira-pendant-johto.html,glamira
GLAMIRA Pendant Rubberess,"$1,020.00",https://www.glamira.com/glamira-pendant-rubberess.html,glamira
GLAMIRA Necklace Rideout,"$1,586.00",https://www.glamira.com/glamira-necklace-rideout.html,glamira
GLAMIRA Pendant Sedia,"$1,060.00",https://www.glamira.com/glamira-pendant-sedia.html,glamira
GLAMIRA Necklace Cienki,"$2,036.00",https://www.glamira.com/glamira-necklace-cienki.html,glamira
GLAMIRA Pendant Adagione,"$1,216.00",https://www.glamira.com/glamira-pendant-adagione.html,glamira
GLAMIRA Pendant Casidhe,"$1,188.00",https://www.glamira.com/glamira-pendant-casidhe.html,glamira
GLAMIRA Pendant Chiromancie,"$1,059.00",https://www.glamira.com/glamira-pendant-chiromancie.html,glamira
Women's Pendant Ekrans,"$1,739.00",https://www.glamira.com/womens-pendant-ekrans.html,glamira
GLAMIRA Pendant Keiko,"$1,462.00",https://www.glamira.com/glamira-pendant-keiko.html,glamira
GLAMIRA Necklace Atra,"$1,249.00",https://www.glamira.com/glamira-necklace-atra.html,glamira
GLAMIRA Pendant Lunaire,"$1,254.00",https://www.glamira.com/glamira-pendant-lunaire.html,glamira
GLAMIRA Pendant Chastella,"$8,987.00",https://www.glamira.com/glamira-pendant-chastella.html,glamira
GLAMIRA Pendant Lawanda,"$1,665.00",https://www.glamira.com/glamira-pendant-lawanda.html,glamira
GLAMIRA Pendant Anned,"$1,028.00",https://www.glamira.com/glamira-pendant-anned.html,glamira
GLAMIRA Paperclip Necklace Fresc,"$2,089.00",https://www.glamira.com/glamira-paperclip-necklace-fresc.html,glamira
GLAMIRA Pendant Chamelier,"$1,672.00",https://www.glamira.com/glamira-pendant-chamelier.html,glamira
GLAMIRA Pendant Governare,"$1,228.00",https://www.glamira.com/glamira-pendant-governare.html,glamira
GLAMIRA Earring Peyton,"$1,240.00",https://www.glamira.com/glamira-earring-peyton.html,glamira
GLAMIRA Earring Calepinas,"$2,519.00",https://www.glamira.com/glamira-earring-calepinas.html,glamira
Women's Earring Tumong,"$1,485.00",https://www.glamira.com/womens-earring-tumong.html,glamira
GLAMIRA Earring Artie,"$1,261.00",https://www.glamira.com/glamira-earring-artie.html,glamira
GLAMIRA Earring Majella,"$1,762.00",https://www.glamira.com/glamira-earring-majella.html,glamira
GLAMIRA Earring Louisa,"$1,494.00",https://www.glamira.com/glamira-earring-louisa.html,glamira
GLAMIRA Earring Nigella,"$10,961.00",https://www.glamira.com/glamira-earring-nigella.html,glamira
GLAMIRA Earring Bros,"$1,804.00",https://www.glamira.com/glamira-earring-bros.html,glamira
GLAMIRA Earring Ehjertu,"$1,321.00",https://www.glamira.com/glamira-earring-ehjertu.html,glamira
GLAMIRA Earring Self,"$1,200.00",https://www.glamira.com/glamira-earring-self.html,glamira
GLAMIRA Earring Sharyn,"$2,608.00",https://www.glamira.com/glamira-earring-sharyn.html,glamira
GLAMIRA Earring Germaine 15 mm,"$3,165.00",https://www.glamira.com/glamira-earring-germaine-15-mm.html,glamira
GLAMIRA Earring Biah,"$4,215.00",https://www.glamira.com/glamira-earring-biah.html,glamira
GLAMIRA Earring Cotrebandes,"$1,157.00",https://www.glamira.com/glamira-earring-cotrebandes.html,glamira
GLAMIRA Earring Riva Ø10 mm,"$2,071.00",https://www.glamira.com/glamira-earring-riva-o10-mm.html,glamira
GLAMIRA Earring London,"$1,557.00",https://www.glamira.com/glamira-earring-london.html,glamira
GLAMIRA Earring Hartwick,"$4,676.00",https://www.glamira.com/glamira-earring-hartwick.html,glamira
Women's Earring Hunkalove - B,"$1,932.00",https://www.glamira.com/womens-earring-hunkalove-b.html,glamira
Women's Earring Hunkalove - SET,"$1,407.00",https://www.glamira.com/womens-earring-hunkalove-set.html,glamira
SYLVIE Earring Gaudium,"$2,919.00",https://www.glamira.com/sylvie-earring-gaudium.html,glamira
GLAMIRA Earring Cylindre,"$5,010.00",https://www.glamira.com/glamira-earring-cylindre.html,glamira
GLAMIRA Earring Quelli,"$1,469.00",https://www.glamira.com/glamira-earring-quelli.html,glamira
GLAMIRA Earring Elettra,"$1,080.00",https://www.glamira.com/glamira-earring-elettra.html,glamira
GLAMIRA Earring Ainsley,"$1,238.00",https://www.glamira.com/glamira-earring-ainsley.html,glamira
GLAMIRA Earring Oliphant,"$1,186.00",https://www.glamira.com/glamira-earring-oliphant.html,glamira
GLAMIRA Earring Mangata,"$1,084.00",https://www.glamira.com/glamira-earring-mangata.html,glamira
GLAMIRA Earring Rhasta,"$2,527.00",https://www.glamira.com/glamira-earring-rhasta.html,glamira
GLAMIRA Earring Gravity,"$1,110.00",https://www.glamira.com/glamira-earring-gravity.html,glamira
GLAMIRA Earring Cobre,"$1,069.00",https://www.glamira.com/glamira-earring-cobre.html,glamira
Women's Earring Forsegle,"$1,006.00",https://www.glamira.com/womens-earring-forsegle.html,glamira
GLAMIRA Earring Synin,"$2,006.00",https://www.glamira.com/glamira-earring-synin.html,glamira
GLAMIRA Earring Agreed,"$1,542.00",https://www.glamira.com/glamira-earring-agreed.html,glamira
GLAMIRA Earring Coleen,"$1,104.00",https://www.glamira.com/glamira-earring-coleen.html,glamira
GLAMIRA Earring Clorindaneg,"$1,157.00",https://www.glamira.com/glamira-earring-clorindaneg.html,glamira
GLAMIRA Earring Passaros,"$1,380.00",https://www.glamira.com/glamira-earring-passaros.html,glamira
GLAMIRA Earring Egonte,"$1,052.00",https://www.glamira.com/glamira-earring-egonte.html,glamira
GLAMIRA Earring Nella Ø10 mm,"$1,053.00",https://www.glamira.com/glamira-earring-nella-o10-mm.html,glamira
GLAMIRA Earring Lefigaro,"$1,290.00",https://www.glamira.com/glamira-earring-lefigaro.html,glamira
GLAMIRA Earring Fourgonnette,"$2,054.00",https://www.glamira.com/glamira-earring-fourgonnette.html,glamira
GLAMIRA Earring Confiantes,"$1,647.00",https://www.glamira.com/glamira-earring-confiantes.html,glamira
GLAMIRA Earring Sumorot,"$1,082.00",https://www.glamira.com/glamira-earring-sumorot.html,glamira
GLAMIRA Earring Vera,"$2,324.00",https://www.glamira.com/glamira-earring-vera.html,glamira
GLAMIRA Earring Anna,"$2,204.00",https://www.glamira.com/glamira-earring-anna.html,glamira
GLAMIRA Earring Vicky,"$2,156.00",https://www.glamira.com/glamira-earring-vicky.html,glamira
GLAMIRA Earring Siria,"$1,251.00",https://www.glamira.com/glamira-earring-siria.html,glamira
GLAMIRA Earring Perama,"$1,077.00",https://www.glamira.com/glamira-earring-perama.html,glamira
GLAMIRA Earring Jhoanny,"$2,360.00",https://www.glamira.com/glamira-earring-jhoanny.html,glamira
GLAMIRA Earring Faiga,"$2,608.00",https://www.glamira.com/glamira-earring-faiga.html,glamira
GLAMIRA Earring Couple,"$1,203.00",https://www.glamira.com/glamira-earring-couple.html,glamira
GLAMIRA Earring Hackle,"$1,138.00",https://www.glamira.com/glamira-earring-hackle.html,glamira
GLAMIRA Earring Wayna - Round,"$5,221.00",https://www.glamira.com/glamira-earring-wayna-round.html,glamira
GLAMIRA Earring Hadubert,"$2,917.00",https://www.glamira.com/glamira-earring-hadubert.html,glamira
GLAMIRA Earring Lincolnn,"$1,056.00",https://www.glamira.com/glamira-earring-lincolnn.html,glamira
GLAMIRA Earring Myrra,"$1,146.00",https://www.glamira.com/glamira-earring-myrra.html,glamira
GLAMIRA Earring Trouvaille,"$1,092.00",https://www.glamira.com/glamira-earring-trouvaille.html,glamira
GLAMIRA Earring Anname,"$1,416.00",https://www.glamira.com/glamira-earring-anname.html,glamira
GLAMIRA Earring Liftoff,"$1,641.00",https://www.glamira.com/glamira-earring-liftoff.html,glamira
GLAMIRA Earring Narcisa,"$1,230.00",https://www.glamira.com/glamira-earring-narcisa.html,glamira
GLAMIRA Earring Cafsunaj,"$1,174.00",https://www.glamira.com/glamira-earring-cafsunaj.html,glamira
GLAMIRA Earring Glebele,"$1,577.00",https://www.glamira.com/glamira-earring-glebele.html,glamira
GLAMIRA Earring Rouge,"$1,979.00",https://www.glamira.com/glamira-earring-rouge.html,glamira
GLAMIRA Earring Marguerite,"$1,937.00",https://www.glamira.com/glamira-earring-marguerite.html,glamira
GLAMIRA Earring Oleander Mother,"$1,118.00",https://www.glamira.com/glamira-earring-oleander-mother.html,glamira
GLAMIRA Earring Akimino,"$1,031.00",https://www.glamira.com/glamira-earring-akimino.html,glamira
GLAMIRA Earring Anteil,"$1,244.00",https://www.glamira.com/glamira-earring-anteil.html,glamira
GLAMIRA Earring Bantoem,"$1,294.00",https://www.glamira.com/glamira-earring-bantoem.html,glamira
GLAMIRA Earring Rosyo,"$1,652.00",https://www.glamira.com/glamira-earring-rosyo.html,glamira
GLAMIRA Earring Yeona,"$1,207.00",https://www.glamira.com/glamira-earring-yeona.html,glamira
GLAMIRA Earring Interit,"$1,013.00",https://www.glamira.com/glamira-earring-interit.html,glamira
GLAMIRA Earring Anthonn,"$2,043.00",https://www.glamira.com/glamira-earring-anthonn.html,glamira
GLAMIRA Earring Feojamiras,"$1,238.00",https://www.glamira.com/glamira-earring-feojamiras.html,glamira
GLAMIRA Earring Fabriquer,"$3,916.00",https://www.glamira.com/glamira-earring-fabriquer.html,glamira
Women's Earring Ngarahake,"$1,437.00",https://www.glamira.com/womens-earring-ngarahake.html,glamira
GLAMIRA Earring Ragnml,"$2,376.00",https://www.glamira.com/glamira-earring-ragnml.html,glamira
GLAMIRA Earring Carece,"$1,140.00",https://www.glamira.com/glamira-earring-carece.html,glamira
GLAMIRA Earring Heavenus,"$1,481.00",https://www.glamira.com/glamira-earring-heavenus.html,glamira
GLAMIRA Earring Andrsys,"$1,406.00",https://www.glamira.com/glamira-earring-andrsys.html,glamira
GLAMIRA Earring Simonne,"$2,056.00",https://www.glamira.com/glamira-earring-simonne.html,glamira
GLAMIRA Earring Onfund,"$1,276.00",https://www.glamira.com/glamira-earring-onfund.html,glamira
GLAMIRA Earring Oripeaux,"$5,132.00",https://www.glamira.com/glamira-earring-oripeaux.html,glamira
GLAMIRA Earring Moto,"$1,519.00",https://www.glamira.com/glamira-earring-moto.html,glamira
GLAMIRA Earring Sixta,"$3,877.00",https://www.glamira.com/glamira-earring-sixta.html,glamira
GLAMIRA Earring Bora,"$1,542.00",https://www.glamira.com/glamira-earring-bora.html,glamira
GLAMIRA Earring Silvies,"$2,772.00",https://www.glamira.com/glamira-earring-silvies.html,glamira
GLAMIRA Earring Munna,"$1,177.00",https://www.glamira.com/glamira-earring-munna.html,glamira
GLAMIRA Earring Lanitra Ø8 mm,"$1,034.00",https://www.glamira.com/glamira-earring-lanitra-o8-mm.html,glamira
GLAMIRA Earring Limitless,"$1,198.00",https://www.glamira.com/glamira-earring-limitless.html,glamira
GLAMIRA Earring Xochitle,"$1,400.00",https://www.glamira.com/glamira-earring-xochitle.html,glamira
GLAMIRA Earring Hweara,"$1,662.00",https://www.glamira.com/glamira-earring-hweara.html,glamira
GLAMIRA Earring Angus,"$1,326.00",https://www.glamira.com/glamira-earring-angus.html,glamira
GLAMIRA Earring Dashaen,"$2,778.00",https://www.glamira.com/glamira-earring-dashaen.html,glamira
GLAMIRA Earring Coquelle,"$1,905.00",https://www.glamira.com/glamira-earring-coquelle.html,glamira
GLAMIRA Earring Annag,"$1,124.00",https://www.glamira.com/glamira-earring-annag.html,glamira
GLAMIRA Earring Jalen,"$1,023.00",https://www.glamira.com/glamira-earring-jalen.html,glamira
GLAMIRA Earring Marina Ø10 mm,"$1,126.00",https://www.glamira.com/glamira-earring-marina-o10-mm.html,glamira
GLAMIRA Earring Fonce,"$1,552.00",https://www.glamira.com/glamira-earring-fonce.html,glamira
GLAMIRA Earring Remain,"$1,186.00",https://www.glamira.com/glamira-earring-remain.html,glamira
GLAMIRA Earring Stelina Ø10 mm,"$1,405.00",https://www.glamira.com/glamira-earring-stelina-o10-mm.html,glamira
GLAMIRA Earring Carreiro,"$1,416.00",https://www.glamira.com/glamira-earring-carreiro.html,glamira
GLAMIRA Earring Ava,"$1,008.00",https://www.glamira.com/glamira-earring-ava.html,glamira
GLAMIRA Earring Fahie,"$1,143.00",https://www.glamira.com/glamira-earring-fahie.html,glamira
GLAMIRA Earring Laduke 18 mm,"$1,488.00",https://www.glamira.com/glamira-earring-laduke-18-mm.html,glamira
GLAMIRA Earring Abby,"$2,954.00",https://www.glamira.com/glamira-earring-abby.html,glamira
GLAMIRA Earring Rhyhorn,"$1,279.00",https://www.glamira.com/glamira-earring-rhyhorn.html,glamira
GLAMIRA Earring Allusif,"$2,338.00",https://www.glamira.com/glamira-earring-allusif.html,glamira
GLAMIRA Earring Mwanga,"$1,397.00",https://www.glamira.com/glamira-earring-mwanga.html,glamira
GLAMIRA Earring Pitakek,"$1,438.00",https://www.glamira.com/glamira-earring-pitakek.html,glamira
GLAMIRA Earring Tatreals,"$1,341.00",https://www.glamira.com/glamira-earring-tatreals.html,glamira
GLAMIRA Earring Avril,"$1,303.00",https://www.glamira.com/glamira-earring-avril.html,glamira
GLAMIRA Earring Happiny,"$1,078.00",https://www.glamira.com/glamira-earring-happiny.html,glamira
GLAMIRA Earring Marsalia 32 mm,"$3,050.00",https://www.glamira.com/glamira-earring-marsalia-32-mm.html,glamira
GLAMIRA Earring Hatenna,"$1,520.00",https://www.glamira.com/glamira-earring-hatenna.html,glamira
GLAMIRA Earring Riva Ø8 mm,"$1,967.00",https://www.glamira.com/glamira-earring-riva-o8-mm.html,glamira
GLAMIRA Earring Afflatus,"$1,319.00",https://www.glamira.com/glamira-earring-afflatus.html,glamira
GLAMIRA Earring Planta,"$2,500.00",https://www.glamira.com/glamira-earring-planta.html,glamira
GLAMIRA Earring Sirene,"$2,181.00",https://www.glamira.com/glamira-earring-sirene.html,glamira
GLAMIRA Earring Demhosie,"$1,084.00",https://www.glamira.com/glamira-earring-demhosie.html,glamira
GLAMIRA Earring Aliste,"$1,114.00",https://www.glamira.com/glamira-earring-aliste.html,glamira
GLAMIRA Earring Adain,"$1,238.00",https://www.glamira.com/glamira-earring-adain.html,glamira
GLAMIRA Earring Laduke 24 mm,"$2,278.00",https://www.glamira.com/glamira-earring-laduke-24-mm.html,glamira
GLAMIRA Earring Melanie,"$1,781.00",https://www.glamira.com/glamira-earring-melanie.html,glamira
GLAMIRA Earring Detac,"$1,359.00",https://www.glamira.com/glamira-earring-detac.html,glamira
GLAMIRA Earring Noiratre,"$1,686.00",https://www.glamira.com/glamira-earring-noiratre.html,glamira
GLAMIRA Earring Simipour,"$1,801.00",https://www.glamira.com/glamira-earring-simipour.html,glamira
GLAMIRA Earring Aubaine,"$1,838.00",https://www.glamira.com/glamira-earring-aubaine.html,glamira
GLAMIRA Earring Latoya,"$2,051.00",https://www.glamira.com/glamira-earring-latoya.html,glamira
GLAMIRA Earring Veskelisia,"$1,046.00",https://www.glamira.com/glamira-earring-veskelisia.html,glamira
GLAMIRA Earring Caryl,"$1,372.00",https://www.glamira.com/glamira-earring-caryl.html,glamira
GLAMIRA Earring Woldia,"$1,184.00",https://www.glamira.com/glamira-earring-woldia.html,glamira
GLAMIRA Earring Wiggins,"$1,287.00",https://www.glamira.com/glamira-earring-wiggins.html,glamira
GLAMIRA Earring Nelinha,"$1,712.00",https://www.glamira.com/glamira-earring-nelinha.html,glamira
GLAMIRA Earring Chicorel,"$1,647.00",https://www.glamira.com/glamira-earring-chicorel.html,glamira
GLAMIRA Earring Visara,"$1,280.00",https://www.glamira.com/glamira-earring-visara.html,glamira
GLAMIRA Earring Ukko,"$1,668.00",https://www.glamira.com/glamira-earring-ukko.html,glamira
GLAMIRA Earring Espresso,"$1,242.00",https://www.glamira.com/glamira-earring-espresso.html,glamira
GLAMIRA Earring Halty,"$1,735.00",https://www.glamira.com/glamira-earring-halty.html,glamira
GLAMIRA Earring Inkpad,"$1,493.00",https://www.glamira.com/glamira-earring-inkpad.html,glamira
GLAMIRA Earring Thabo,"$1,069.00",https://www.glamira.com/glamira-earring-thabo.html,glamira
GLAMIRA Earring Effemine,"$1,048.00",https://www.glamira.com/glamira-earring-effemine.html,glamira
GLAMIRA Earring Alvernia 18 mm,"$1,417.00",https://www.glamira.com/glamira-earring-alvernia-18-mm.html,glamira
GLAMIRA Earring Divicents,"$1,012.00",https://www.glamira.com/glamira-earring-divicents.html,glamira
GLAMIRA Earring Skoro,"$1,188.00",https://www.glamira.com/glamira-earring-skoro.html,glamira
GLAMIRA Earring Ezia,"$1,188.00",https://www.glamira.com/glamira-earring-ezia.html,glamira
GLAMIRA Earring Latarsha,"$1,538.00",https://www.glamira.com/glamira-earring-latarsha.html,glamira
GLAMIRA Earring Hollyhock,"$1,120.00",https://www.glamira.com/glamira-earring-hollyhock.html,glamira
GLAMIRA Earring Chileshe,"$1,220.00",https://www.glamira.com/glamira-earring-chileshe.html,glamira
GLAMIRA Earring Munin,"$4,679.00",https://www.glamira.com/glamira-earring-munin.html,glamira
GLAMIRA Earring Isaa,"$1,091.00",https://www.glamira.com/glamira-earring-isaa.html,glamira
GLAMIRA Earring Rogers,"$1,698.00",https://www.glamira.com/glamira-earring-rogers.html,glamira
Women's Earring Nkwerre - A,"$1,328.00",https://www.glamira.com/womens-earring-nkwerre-a.html,glamira
Women's Earring Tamaulipas,"$1,945.00",https://www.glamira.com/womens-earring-tamaulipas.html,glamira
GLAMIRA Earring Silas,"$1,594.00",https://www.glamira.com/glamira-earring-silas.html,glamira
GLAMIRA Earring Volha,"$1,660.00",https://www.glamira.com/glamira-earring-volha.html,glamira
GLAMIRA Earring Bonnis,"$2,651.00",https://www.glamira.com/glamira-earring-bonnis.html,glamira
GLAMIRA Earring Bibelo,"$1,617.00",https://www.glamira.com/glamira-earring-bibelo.html,glamira
GLAMIRA Earring Umaaraw,"$1,850.00",https://www.glamira.com/glamira-earring-umaaraw.html,glamira
Women's Earring Bisceglie,"$1,425.00",https://www.glamira.com/womens-earring-bisceglie.html,glamira
GLAMIRA Earring Katharine,"$2,348.00",https://www.glamira.com/glamira-earring-katharine.html,glamira
GLAMIRA Earring Oarien,"$1,471.00",https://www.glamira.com/glamira-earring-oarien.html,glamira
GLAMIRA Earring Teutum,"$1,031.00",https://www.glamira.com/glamira-earring-teutum.html,glamira
GLAMIRA Earring Delinest,"$1,831.00",https://www.glamira.com/glamira-earring-delinest.html,glamira
GLAMIRA Earring Faatasi,"$1,901.00",https://www.glamira.com/glamira-earring-faatasi.html,glamira
GLAMIRA Earring Alamos,"$1,149.00",https://www.glamira.com/glamira-earring-alamos.html,glamira
GLAMIRA Earring Laveur,"$5,777.00",https://www.glamira.com/glamira-earring-laveur.html,glamira
GLAMIRA Earring Lefler,"$4,139.00",https://www.glamira.com/glamira-earring-lefler.html,glamira
GLAMIRA Earring Menuo,"$1,861.00",https://www.glamira.com/glamira-earring-menuo.html,glamira
GLAMIRA Earring Nuageux,"$2,159.00",https://www.glamira.com/glamira-earring-nuageux.html,glamira
Women's Earring Orbit - SET,"$1,101.00",https://www.glamira.com/glamira-earring-orbit.html,glamira
GLAMIRA Earring Aguentte,"$1,729.00",https://www.glamira.com/glamira-earring-aguentte.html,glamira
GLAMIRA Earring Elainas,"$1,092.00",https://www.glamira.com/glamira-earring-elainas.html,glamira
GLAMIRA Earring Norbu,"$1,529.00",https://www.glamira.com/glamira-earring-norbu.html,glamira
GLAMIRA Earring Elior,"$1,344.00",https://www.glamira.com/glamira-earring-elior.html,glamira
GLAMIRA Earring Haebaragi,"$3,740.00",https://www.glamira.com/glamira-earring-haebaragi.html,glamira
GLAMIRA Earring Hashing,"$1,892.00",https://www.glamira.com/glamira-earring-hashing.html,glamira
GLAMIRA Earring Foggy,"$2,256.00",https://www.glamira.com/glamira-earring-foggy.html,glamira
GLAMIRA Earring Adol,"$1,713.00",https://www.glamira.com/glamira-earring-adol.html,glamira
GLAMIRA Earring Dafna,"$2,621.00",https://www.glamira.com/glamira-earring-dafna.html,glamira
GLAMIRA Earring Blansettios,"$2,188.00",https://www.glamira.com/glamira-earring-blansettios.html,glamira
GLAMIRA Earring Idling,"$3,379.00",https://www.glamira.com/glamira-earring-idling.html,glamira
GLAMIRA Earring Treas,"$1,422.00",https://www.glamira.com/glamira-earring-treas.html,glamira
GLAMIRA Earring Stray,"$1,087.00",https://www.glamira.com/glamira-earring-stray.html,glamira
GLAMIRA Earring Vivere,"$1,045.00",https://www.glamira.com/glamira-earring-vivere.html,glamira
GLAMIRA Earring Corvina,"$1,156.00",https://www.glamira.com/glamira-earring-corvina.html,glamira
GLAMIRA Earring Palestra,"$2,213.00",https://www.glamira.com/glamira-earring-palestra.html,glamira
GLAMIRA Earring Laurena,"$3,123.00",https://www.glamira.com/glamira-earring-laurena.html,glamira
GLAMIRA Earring Habriel,"$1,797.00",https://www.glamira.com/glamira-earring-habriel.html,glamira
GLAMIRA Earring Melissa,"$1,260.00",https://www.glamira.com/glamira-earring-melissa.html,glamira
GLAMIRA Earring Unkissed,"$6,404.00",https://www.glamira.com/glamira-earring-unkissed.html,glamira
GLAMIRA Earring Lepre,"$1,001.00",https://www.glamira.com/glamira-earring-lepre.html,glamira
GLAMIRA Earring Lurry,"$2,653.00",https://www.glamira.com/glamira-earring-lurry.html,glamira
GLAMIRA Earring Pelkey,"$2,998.00",https://www.glamira.com/glamira-earring-pelkey.html,glamira
GLAMIRA Earring Crater,"$1,421.00",https://www.glamira.com/glamira-earring-crater.html,glamira
GLAMIRA Earring Spanios,"$1,603.00",https://www.glamira.com/glamira-earring-spanios.html,glamira
GLAMIRA Earring Mishary,"$1,447.00",https://www.glamira.com/glamira-earring-mishary.html,glamira
GLAMIRA Earring Scuola,"$1,243.00",https://www.glamira.com/glamira-earring-scuola.html,glamira
GLAMIRA Earring Beant,"$1,597.00",https://www.glamira.com/glamira-earring-beant.html,glamira
GLAMIRA Earring Ezalor,"$1,448.00",https://www.glamira.com/glamira-earring-ezalor.html,glamira
GLAMIRA Earring Dodie,"$2,468.00",https://www.glamira.com/glamira-earring-dodie.html,glamira
GLAMIRA Earring Varro,"$1,328.00",https://www.glamira.com/glamira-earring-varro.html,glamira
GLAMIRA Earring Morelul,"$1,435.00",https://www.glamira.com/glamira-earring-morelul.html,glamira
